-- Insert en tabla Departamentos
INSERT INTO DEPARTAMENTOS (DEPARTAMENTO) VALUES ('Chimaltenango');
INSERT INTO DEPARTAMENTOS (DEPARTAMENTO) VALUES ('Guatemala');

-- Insert en tabla Municipios
INSERT INTO MUNICIPIOS (MUNICIPIO) VALUES ('Chimaltenango');
INSERT INTO MUNICIPIOS (MUNICIPIO) VALUES ('Antigua Guatemala');

-- Insert en tabla Codigos_Postales
INSERT INTO CODIGOS_POSTALES (DIRECCION) VALUES ('01001');
INSERT INTO CODIGOS_POSTALES (DIRECCION) VALUES ('01002');

-- Insert en tabla Roles
INSERT INTO ROLES (ROL) VALUES ('Admin');
INSERT INTO ROLES (ROL) VALUES ('User');

-- Insert en tabla Tipo_de_Sucursales
INSERT INTO TIPO_DE_SUCURSALES_AGENCIAS (NOMBRE_TIPO) VALUES ('Sucursal Central');
INSERT INTO TIPO_DE_SUCURSALES_AGENCIAS (NOMBRE_TIPO) VALUES ('Sucursal Regional');

-- Insert en tabla Tipo_de_Cuentas
INSERT INTO TIPO_DE_CUENTAS (TIPO) VALUES ('Corriente');
INSERT INTO TIPO_DE_CUENTAS (TIPO) VALUES ('Ahorro');

-- Insert en tabla Estados_de_Tarjetas
INSERT INTO ESTADOS_DE_TARJETAS (ESTADO) VALUES ('Activa');
INSERT INTO ESTADOS_DE_TARJETAS (ESTADO) VALUES ('Inactiva');

-- Insert en tabla Estados_de_Prestamos
INSERT INTO ESTADOS_DE_PRESTAMOS (ESTADO) VALUES ('Aprobado');
INSERT INTO ESTADOS_DE_PRESTAMOS (ESTADO) VALUES ('Rechazado');

-- Insert en tabla Tipos_de_Sueldo
INSERT INTO TIPOS_DE_SUELDO (TIPO) VALUES ('Mensual');
INSERT INTO TIPOS_DE_SUELDO (TIPO) VALUES ('Quincenal');

-- Insert en tabla Tipos_de_Transacciones
INSERT INTO TIPOS_DE_TRANSACCIONES (TIPO) VALUES ('Deposito');
INSERT INTO TIPOS_DE_TRANSACCIONES (TIPO) VALUES ('Retiro');

-- Insert en tabla Tipos_de_Estados_Financieros
INSERT INTO TIPOS_DE_ESTADOS_FINANCIEROS (TIPO, DESCRIPCION) VALUES ('Solvente', 'Estado financiero solvente');
INSERT INTO TIPOS_DE_ESTADOS_FINANCIEROS (TIPO, DESCRIPCION) VALUES ('Quiebra', 'Estado financiero en quiebra');

-- Insert en tabla Ubicaciones
INSERT INTO UBICACIONES (ID_DEPARTAMENTO, ID_MUNICIPIO, ID_CODIGO_POSTAL) VALUES (1, 1, 1);
INSERT INTO UBICACIONES (ID_DEPARTAMENTO, ID_MUNICIPIO, ID_CODIGO_POSTAL) VALUES (2, 2, 2);

-- Insert en tabla Empleados
INSERT INTO EMPLEADOS (NOMBRE, APELLIDO, ID_ROL, ID_DEPARTAMENTO, SUCURSAL, AGENCIA, TELEFONO) VALUES ('Juan', 'Perez', 1, 1, 'Sucursal Central', 'Agencia 1', '1234567890');
INSERT INTO EMPLEADOS (NOMBRE, APELLIDO, ID_ROL, ID_DEPARTAMENTO, SUCURSAL, AGENCIA, TELEFONO) VALUES ('Maria', 'Lopez', 2, 2, 'Sucursal Regional', 'Agencia 2', '0987654321');

-- Insert en tabla Sucursales_Agencias
INSERT INTO SUCURSALES_AGENCIAS (NOMBRE, ID_TIPO, TELEFONO, ID_UBICACION, NUM_EMPLEADO, CAPACIDAD_ALAMCENAMIENTO) VALUES ('Sucursal Central', 1, '1234567890', 1, 50, 1000);
INSERT INTO SUCURSALES_AGENCIAS (NOMBRE, ID_TIPO, TELEFONO, ID_UBICACION, NUM_EMPLEADO, CAPACIDAD_ALAMCENAMIENTO) VALUES ('Sucursal Regional', 2, '0987654321', 2, 30, 500);

-- Insert en tabla Cuentas
INSERT INTO CUENTAS (NUMERO_DE_CUENTA, ID_TIPO_DE_CUENTA, SALDO) VALUES ('1234567890', 1, 1000.00);
INSERT INTO CUENTAS (NUMERO_DE_CUENTA, ID_TIPO_DE_CUENTA, SALDO) VALUES ('0987654321', 2, 2000.00);

-- Insert en tabla Clientes
INSERT INTO CLIENTES (NOMBRE, APELLIDO, TELEFONO, ID_CUENTA) VALUES ('Carlos', 'Gomez', '1234567890', 1);
INSERT INTO CLIENTES (NOMBRE, APELLIDO, TELEFONO, ID_CUENTA) VALUES ('Ana', 'Martinez', '0987654321', 2);

-- Insert en tabla Bovedas
INSERT INTO BOVEDAS (ID_AGENCIA_SUCURSAL, FONDOS_DISPONIBLES) VALUES (1, 50000.00);
INSERT INTO BOVEDAS (ID_AGENCIA_SUCURSAL, FONDOS_DISPONIBLES) VALUES (2, 30000.00);

-- Insert en tabla Tarjetas_de_Credito
INSERT INTO TARJETAS_DE_CREDITO (ID_CLIENTE, NUMERO_DE_TARJETA, LIMITE_DE_CREDITO, SALDO_ACTUAL, FECHA_DE_EMISION, FECHA_DE_EXPIRACION, ID_ESTADO, FECHA_DE_CORTE, DÍA_DEL_CICLO) VALUES (1, '1111222233334444', 5000.00, 1000.00, TO_DATE('2022-01-01', 'YYYY-MM-DD'), TO_DATE('2027-01-01', 'YYYY-MM-DD'), 1, TO_DATE('2022-02-01', 'YYYY-MM-DD'), 15);
INSERT INTO TARJETAS_DE_CREDITO (ID_CLIENTE, NUMERO_DE_TARJETA, LIMITE_DE_CREDITO, SALDO_ACTUAL, FECHA_DE_EMISION, FECHA_DE_EXPIRACION, ID_ESTADO, FECHA_DE_CORTE, DÍA_DEL_CICLO) VALUES (2, '5555666677778888', 3000.00, 500.00, TO_DATE('2023-01-01', 'YYYY-MM-DD'), TO_DATE('2028-01-01', 'YYYY-MM-DD'), 2, TO_DATE('2023-02-01', 'YYYY-MM-DD'), 20);

-- Insert en tabla Prestamos
INSERT INTO PRESTAMOS (ID_CLIENTE, MONTO_DEL_PRESTAMO, TASA_DE_INTERES, FECHA_DE_DESEMBOLSO, FECHA_DE_VENCIMIENTO, SALDO_PENDIENTE, ID_ESTADO) VALUES (1, 10000.00, 5.00, TO_DATE('2022-01-01', 'YYYY-MM-DD'), TO_DATE('2023-01-01', 'YYYY-MM-DD'), 5000.00, 1);
INSERT INTO PRESTAMOS (ID_CLIENTE, MONTO_DEL_PRESTAMO, TASA_DE_INTERES, FECHA_DE_DESEMBOLSO, FECHA_DE_VENCIMIENTO, SALDO_PENDIENTE, ID_ESTADO) VALUES (2, 8000.00, 4.50, TO_DATE('2023-01-01', 'YYYY-MM-DD'), TO_DATE('2024-01-01', 'YYYY-MM-DD'), 3000.00, 2);

-- Insert en tabla Transacciones
INSERT INTO TRANSACCIONES (ID_CLIENTE, NUMERO_DE_CUENTA_ORIGEN, NUMERO_DE_CUENTA_DESTINO, ID_TIPO_TRANSACCION, MONTO, FECHA, HORA, DESCRIPCION, SUCURSAL, AGENCIA, ID_SUCURSAL_AGENCIA) VALUES (1, '1234567890', '0987654321', 1, 500.00, TO_DATE('2022-01-01', 'YYYY-MM-DD'), TO_TIMESTAMP('2022-01-01 12:00:00', 'YYYY-MM-DD HH24:MI:SS'), 'Depósito en cuenta', 'Sucursal Central', 'Agencia 1', 1);
INSERT INTO TRANSACCIONES (ID_CLIENTE, NUMERO_DE_CUENTA_ORIGEN, NUMERO_DE_CUENTA_DESTINO, ID_TIPO_TRANSACCION, MONTO, FECHA, HORA, DESCRIPCION, SUCURSAL, AGENCIA, ID_SUCURSAL_AGENCIA) VALUES (2, '0987654321', '1234567890', 2, 300.00, TO_DATE('2022-01-02', 'YYYY-MM-DD'), TO_TIMESTAMP('2022-01-02 14:00:00', 'YYYY-MM-DD HH24:MI:SS'), 'Retiro en cuenta', 'Sucursal Regional', 'Agencia 2', 2);

-- Insert en tabla Transacciones_Interbancarias
INSERT INTO TRANSACCIONES_INTERBANCARIAS (ID_SUCURSAL_AGENCIA_ORIGEN, ID_SUCURSAL_AGENCIA_DESTINO, MONTO, FECHA_HORA, DESCRIPCION) VALUES (1, 2, 1000.00, TO_TIMESTAMP('2022-01-01 10:00:00', 'YYYY-MM-DD HH24:MI:SS'), 'Transferencia de fondos');
INSERT INTO TRANSACCIONES_INTERBANCARIAS (ID_SUCURSAL_AGENCIA_ORIGEN, ID_SUCURSAL_AGENCIA_DESTINO, MONTO, FECHA_HORA, DESCRIPCION) VALUES (2, 1, 1500.00, TO_TIMESTAMP('2022-01-02 11:00:00', 'YYYY-MM-DD HH24:MI:SS'), 'Transferencia de fondos');

-- Insert en tabla ESTADOS_FINANCIEROS
INSERT INTO ESTADOS_FINANCIEROS (FECHA, INGRESO, GASTOS, ID_TIPO_ESTADO, ID_SUCURSAL_AGENCIA) VALUES (TO_DATE('2022-12-31', 'YYYY-MM-DD'), 100000.00, 90000.00, 1, 1);
INSERT INTO ESTADOS_FINANCIEROS (FECHA, INGRESO, GASTOS, ID_TIPO_ESTADO, ID_SUCURSAL_AGENCIA) VALUES (TO_DATE('2022-12-31', 'YYYY-MM-DD'), 120000.00, 95000.00, 2, 2);

-- Insert en tabla Sueldos
INSERT INTO SUELDOS (ID_EMPLEADO, SUELDO, FECHA_INICIO, FECHA_FIN, ID_TIPO_SUELDO, BONOS, DEDUCCIONES, NOTAS) VALUES (1, 5000.00, TO_DATE('2022-01-01', 'YYYY-MM-DD'), NULL, 1, 500.00, 100.00, 'Bono de rendimiento');
INSERT INTO SUELDOS (ID_EMPLEADO, SUELDO, FECHA_INICIO, FECHA_FIN, ID_TIPO_SUELDO, BONOS, DEDUCCIONES, NOTAS) VALUES (2, 4000.00, TO_DATE('2022-01-01', 'YYYY-MM-DD'), NULL, 2, 300.00, 50.00, 'Bono de puntualidad');
